{"info_df": {"argument": {"20180418_sf033_2_cc": null, "20180418_sf033_3_cc": null, "20180418_sf033_4_cc": null, "20180418_sf033_5_cc": null, "20180420_sf036_2_cc": null, "20180420_sf036_3_cc": null, "20180420_sf036_4_cc": null}, "mass": {"20180418_sf033_2_cc": 0.3371485566, "20180418_sf033_3_cc": 0.3431690665, "20180418_sf033_4_cc": 0.2889844771, "20180418_sf033_5_cc": 0.295004987, "20180420_sf036_2_cc": 0.5723828033, "20180420_sf036_3_cc": 0.7169847747, "20180420_sf036_4_cc": 0.5844329676}, "total_mass": {"20180418_sf033_2_cc": 0.56, "20180418_sf033_3_cc": 0.57, "20180418_sf033_4_cc": 0.48, "20180418_sf033_5_cc": 0.49, "20180420_sf036_2_cc": 0.95, "20180420_sf036_3_cc": 1.19, "20180420_sf036_4_cc": 0.97}, "loading": {"20180418_sf033_2_cc": 0.1907870554, "20180418_sf033_3_cc": 0.1941939671, "20180418_sf033_4_cc": 0.1635317618, "20180418_sf033_5_cc": 0.1669386735, "20180420_sf036_2_cc": 0.3239024089, "20180420_sf036_3_cc": 0.4057303858, "20180420_sf036_4_cc": 0.3307214069}, "nom_cap": {"20180418_sf033_2_cc": 3118.8174657534, "20180418_sf033_3_cc": 3118.8174657534, "20180418_sf033_4_cc": 3118.8174657534, "20180418_sf033_5_cc": 3118.8174657534, "20180420_sf036_2_cc": 3122.3486977382, "20180420_sf036_3_cc": 3122.3486977382, "20180420_sf036_4_cc": 3122.3486977382}, "area": {"20180418_sf033_2_cc": 1.7671458676, "20180418_sf033_3_cc": 1.7671458676, "20180418_sf033_4_cc": 1.7671458676, "20180418_sf033_5_cc": 1.7671458676, "20180420_sf036_2_cc": 1.7671458676, "20180420_sf036_3_cc": 1.7671458676, "20180420_sf036_4_cc": 1.7671458676}, "experiment": {"20180418_sf033_2_cc": "cycling", "20180418_sf033_3_cc": "cycling", "20180418_sf033_4_cc": "cycling", "20180418_sf033_5_cc": "cycling", "20180420_sf036_2_cc": "cycling", "20180420_sf036_3_cc": "cycling", "20180420_sf036_4_cc": "cycling"}, "fixed": {"20180418_sf033_2_cc": 0, "20180418_sf033_3_cc": 0, "20180418_sf033_4_cc": 0, "20180418_sf033_5_cc": 0, "20180420_sf036_2_cc": 0, "20180420_sf036_3_cc": 0, "20180420_sf036_4_cc": 0}, "label": {"20180418_sf033_2_cc": "sf033_2", "20180418_sf033_3_cc": "sf033_3", "20180418_sf033_4_cc": "sf033_4", "20180418_sf033_5_cc": "sf033_5", "20180420_sf036_2_cc": "sf036_2", "20180420_sf036_3_cc": "sf036_3", "20180420_sf036_4_cc": "sf036_4"}, "cell_type": {"20180418_sf033_2_cc": "anode", "20180418_sf033_3_cc": "anode", "20180418_sf033_4_cc": "anode", "20180418_sf033_5_cc": "anode", "20180420_sf036_2_cc": "anode", "20180420_sf036_3_cc": "anode", "20180420_sf036_4_cc": "anode"}, "instrument": {"20180418_sf033_2_cc": "arbin_res", "20180418_sf033_3_cc": "arbin_res", "20180418_sf033_4_cc": "arbin_res", "20180418_sf033_5_cc": "arbin_res", "20180420_sf036_2_cc": "arbin_res", "20180420_sf036_3_cc": "arbin_res", "20180420_sf036_4_cc": "arbin_res"}, "raw_file_names": {"20180418_sf033_2_cc": ["data/raw\\20180418_sf033_2_cc_01.res"], "20180418_sf033_3_cc": ["data/raw\\20180418_sf033_3_cc_01.res"], "20180418_sf033_4_cc": ["data/raw\\20180418_sf033_4_cc_01.res"], "20180418_sf033_5_cc": ["data/raw\\20180418_sf033_5_cc_01.res"], "20180420_sf036_2_cc": ["data/raw\\20180420_sf036_2_cc_01.res"], "20180420_sf036_3_cc": ["data/raw\\20180420_sf036_3_cc_01.res"], "20180420_sf036_4_cc": ["data/raw\\20180420_sf036_4_cc_01.res"]}, "cellpy_file_name": {"20180418_sf033_2_cc": "data/cellpyfiles/20180418_sf033_2_cc.h5", "20180418_sf033_3_cc": "data/cellpyfiles/20180418_sf033_3_cc.h5", "20180418_sf033_4_cc": "data/cellpyfiles/20180418_sf033_4_cc.h5", "20180418_sf033_5_cc": "data/cellpyfiles/20180418_sf033_5_cc.h5", "20180420_sf036_2_cc": "data/cellpyfiles/20180420_sf036_2_cc.h5", "20180420_sf036_3_cc": "data/cellpyfiles/20180420_sf036_3_cc.h5", "20180420_sf036_4_cc": "data/cellpyfiles/20180420_sf036_4_cc.h5"}, "comment": {"20180418_sf033_2_cc": "SF12 Filter D micro-slurry", "20180418_sf033_3_cc": "SF12 Filter D micro-slurry", "20180418_sf033_4_cc": "SF12 Filter D micro-slurry", "20180418_sf033_5_cc": "SF12 Filter D micro-slurry", "20180420_sf036_2_cc": "SF12 Filter 1 micro-slurry", "20180420_sf036_3_cc": "SF12 Filter 1 micro-slurry", "20180420_sf036_4_cc": "SF12 Filter 1 micro-slurry"}, "group": {"20180418_sf033_2_cc": 1, "20180418_sf033_3_cc": 1, "20180418_sf033_4_cc": 1, "20180418_sf033_5_cc": 1, "20180420_sf036_2_cc": 2, "20180420_sf036_3_cc": 2, "20180420_sf036_4_cc": 2}, "sub_group": {"20180418_sf033_2_cc": 1, "20180418_sf033_3_cc": 2, "20180418_sf033_4_cc": 3, "20180418_sf033_5_cc": 4, "20180420_sf036_2_cc": 1, "20180420_sf036_3_cc": 2, "20180420_sf036_4_cc": 3}}, "metadata": {"name": "paper01", "project": "cool_project", "time_stamp": null, "project_dir": "out\\cool_project", "batch_dir": "out\\cool_project\\paper01", "raw_dir": "out\\cool_project\\paper01\\raw_data"}, "session": {"starred": null, "bad_cells": null, "bad_cycles": null, "notes": null}}